time,seconds_elapsed,bpm
1764122046720015616,0.8800156116485596,135.0
1764122049720015616,3.8800156116485596,135.0
1764122054720015616,8.88001561164856,137.0
1764122061720015616,15.88001561164856,126.0
