time,seconds_elapsed,bpm
1764119746626021376,3.745021343231201,107.00000000000001
1764119755626021376,12.745021343231201,104.0
1764119757626021376,14.745021343231201,107.00000000000001
