time,seconds_elapsed,bpm
1764117416518376448,5.036376237869263,100.0
1764117421518376448,10.036376237869263,103.0
1764117430518376448,19.036376237869263,109.0
