time,seconds_elapsed,bpm
1764119322536534272,2.6245343685150146,96.0
1764119327536534272,7.624534368515015,98.0
1764119330536534272,10.624534368515015,97.0
1764119333536534272,13.624534368515015,98.0
