time,seconds_elapsed,bpm
1764119226536534272,7.6995344161987305,98.0
1764119229536534272,10.69953441619873,102.0
1764119236536534272,17.69953441619873,100.0
