time,seconds_elapsed,bpm
1764117350518376448,6.807376384735107,105.0
1764117355518376448,11.807376384735107,106.0
1764117359518376448,15.807376384735107,108.0
