time,seconds_elapsed,bpm
1764117493198063872,6.838063955307007,107.00000000000001
1764117498198063872,11.838063955307007,107.00000000000001
1764117501198063872,14.838063955307007,110.0
