time,seconds_elapsed,bpm
1764119273536534272,4.972534418106079,101.0
1764119282536534272,13.972534418106079,95.0
1764119287536534272,18.97253441810608,97.0
