time,seconds_elapsed,bpm
1764117279495671296,4.123671293258667,96.0
1764117281495671296,6.123671293258667,94.0
1764117289495671296,14.123671293258667,102.0
1764117293495671296,18.123671293258667,101.0
