time,seconds_elapsed,bpm
1764120339654036480,2.6360366344451904,105.0
1764120343654036480,6.63603663444519,109.0
1764120347654036480,10.63603663444519,113.0
1764120354654036480,17.63603663444519,120.0
