time,seconds_elapsed,bpm
1764123386929869568,10.77886962890625,138.0
1764123391929869568,15.77886962890625,141.0
