time,seconds_elapsed,bpm
1764117546198063872,3.9260637760162354,121.0
1764117553198063872,10.926063776016235,122.0
1764117557198063872,14.926063776016235,122.0
