time,seconds_elapsed,bpm
1764119172536534272,6.987534284591675,97.0
1764119177536534272,11.987534284591675,98.0
1764119181536534272,15.987534284591675,100.0
