time,seconds_elapsed,bpm
1764119382538191872,6.065191745758057,99.0
1764119384538191872,8.065191745758057,100.0
1764119391538191872,15.065191745758057,96.0
1764119393538191872,17.065191745758057,94.0
