time,seconds_elapsed,bpm
1764119357536534272,6.0695343017578125,101.0
1764119359536534272,8.069534301757812,103.0
1764119367538191872,16.071191787719727,101.0
1764119369538191872,18.071191787719727,103.0
