time,seconds_elapsed,bpm
1764117516198063872,1.9890637397766113,117.0
1764117519198063872,4.989063739776611,117.0
1764117527198063872,12.989063739776611,117.0
1764117533198063872,18.98906373977661,121.0
