time,seconds_elapsed,bpm
1764120261654036480,7.164036512374878,110.0
1764120264654036480,10.164036512374878,109.0
1764120267654036480,13.164036512374878,115.0
1764120275654036480,21.164036512374878,115.0
