time,seconds_elapsed,bpm
1764122078785643520,7.475643634796143,137.0
1764122080785643520,9.475643634796143,135.0
1764122087785643520,16.475643634796143,129.0
