time,seconds_elapsed,bpm
1764122253027098624,2.258098602294922,124.00000000000001
1764122259027098624,8.258098602294922,135.0
1764122264027098624,13.258098602294922,133.0
1764122268027098624,17.258098602294922,133.0
