time,seconds_elapsed,bpm
1764120063110396416,8.870396375656128,96.0
1764120073110396416,18.870396375656128,89.0
