time,seconds_elapsed,bpm
1764119720626021376,6.812021493911743,84.0
1764119730626021376,16.812021493911743,104.0
