time,seconds_elapsed,bpm
1764120376654036480,5.609036445617676,113.0
1764120379654036480,8.609036445617676,116.0
1764120382654036480,11.609036445617676,124.00000000000001
1764120391654036480,20.609036445617676,129.0
