time,seconds_elapsed,bpm
1764121946720015616,3.167015552520752,121.0
1764121953720015616,10.167015552520752,127.0
1764121958720015616,15.167015552520752,126.0
1764121959720015616,16.167015552520752,126.0
