time,seconds_elapsed,bpm
1764122189027098624,6.941098690032959,113.0
1764122192027098624,9.941098690032959,111.0
1764122199027098624,16.94109869003296,104.0
