time,seconds_elapsed,bpm
1764119193536534272,1.2045342922210693,101.0
1764119202536534272,10.20453429222107,103.0
1764119207536534272,15.20453429222107,101.0
1764119211536534272,19.20453429222107,101.0
