time,seconds_elapsed,bpm
1764123550929869568,1.15386962890625,154.00000000000003
1764123556929869568,7.15386962890625,152.0
1764123561929869568,12.15386962890625,152.0
