time,seconds_elapsed,bpm
1764122000720015616,5.140015602111816,131.0
1764122008720015616,13.140015602111816,131.0
1764122009720015616,14.140015602111816,130.0
