time,seconds_elapsed,bpm
1764121214826186240,3.7941861152648926,143.0
1764121219826186240,8.794186115264893,141.0
1764121222826186240,11.794186115264893,140.0
1764121227826186240,16.794186115264893,142.0
