time,seconds_elapsed,bpm
1764122023720015616,2.9360156059265137,133.0
1764122026720015616,5.936015605926514,135.0
1764122033720015616,12.936015605926514,128.0
1764122036720015616,15.936015605926514,127.0
