time,seconds_elapsed,bpm
1764118174575932416,4.992932558059692,100.0
1764118181575932416,11.992932558059692,102.0
1764118188575932416,18.992932558059692,104.0
