time,seconds_elapsed,bpm
1764121274826186240,2.758186101913452,152.0
1764121277826186240,5.758186101913452,150.0
1764121282826186240,10.758186101913452,148.0
1764121287826186240,15.758186101913452,148.0
