time,seconds_elapsed,bpm
1764119992305708800,1.7277088165283203,118.0
1764120000305708800,9.72770881652832,112.0
1764120002305708800,11.72770881652832,112.0
1764120010305708800,19.72770881652832,117.0
