time,seconds_elapsed,bpm
1764119247536534272,2.9455342292785645,100.0
1764119252536534272,7.9455342292785645,99.0
1764119256536534272,11.945534229278564,98.0
1764119258536534272,13.945534229278564,98.0
