time,seconds_elapsed,bpm
1764120226654036480,6.863036632537842,101.0
1764120227654036480,7.863036632537842,101.0
1764120232654036480,12.863036632537842,103.0
