time,seconds_elapsed,bpm
1764118278568119808,4.147119760513306,104.0
1764118283568119808,9.147119760513306,106.0
1764118289568119808,15.147119760513306,112.0
