time,seconds_elapsed,bpm
1764119406538191872,3.8781917095184326,100.0
1764119412538191872,9.878191709518433,100.0
1764119413538191872,10.878191709518433,100.0
1764119422538191872,19.878191709518433,103.0
