time,seconds_elapsed,bpm
1764119294536534272,1.2395343780517578,97.0
1764119298536534272,5.239534378051758,95.0
1764119307536534272,14.239534378051758,99.0
1764119309536534272,16.239534378051758,97.0
