time,seconds_elapsed,bpm
1764120291654036480,3.466036558151245,117.0
1764120296654036480,8.466036558151245,120.0
1764120297654036480,9.466036558151245,121.0
1764120302654036480,14.466036558151245,127.0
