time,seconds_elapsed,bpm
1764119971305708800,6.916708946228027,95.0
1764119975305708800,10.916708946228027,97.0
1764119981305708800,16.916708946228027,110.0
