time,seconds_elapsed,bpm
1764121972720015616,3.845015525817871,132.0
1764121974720015616,5.845015525817871,133.0
1764121983720015616,14.845015525817871,128.0
1764121985720015616,16.84501552581787,128.0
