time,seconds_elapsed,bpm
1764123501929869568,8.865869760513306,150.0
1764123506929869568,13.865869760513306,152.0
