time,seconds_elapsed,bpm
1764121040678481152,3.125481128692627,125.00000000000001
1764121041678481152,4.125481128692627,126.0
1764121046678481152,9.125481128692627,126.0
1764121055678481152,18.125481128692627,127.0
